class,precision,recall,f1_score,support
defective,1.0,0.5,0.6666666666666666,8.0
good,0.8857142857142857,1.0,0.9393939393939394,31.0
macro avg,0.9428571428571428,0.75,0.803030303030303,39.0
weighted avg,0.9091575091575091,0.8974358974358975,0.8834498834498836,39.0
